{
	"credit": "momirealms",
	"texture_size": [32, 32],
	"textures": {
		"2": "item/crops/pineapple/stage",
		"particle": "item/crops/pineapple/stage"
	},
	"elements": [
		{
			"from": [5.75, 0, 8],
			"to": [10.25, 4.5, 8],
			"rotation": {"angle": 0, "axis": "x", "origin": [3.5, 0, 3.5]},
			"faces": {
				"north": {"uv": [0, 11, 3, 14], "texture": "#2"},
				"east": {"uv": [0, 0, 0, 3], "texture": "#2"},
				"south": {"uv": [0, 11, 3, 14], "texture": "#2"},
				"west": {"uv": [0, 0, 0, 3], "texture": "#2"},
				"up": {"uv": [0, 0, 0, 3], "rotation": 90, "texture": "#2"},
				"down": {"uv": [0, 0, 0, 3], "rotation": 270, "texture": "#2"}
			}
		},
		{
			"from": [8, 0, 5.75],
			"to": [8, 4.5, 10.25],
			"rotation": {"angle": 0, "axis": "y", "origin": [3.5, 0, 3.5]},
			"faces": {
				"north": {"uv": [0, 0, 0, 3], "texture": "#2"},
				"east": {"uv": [0, 11, 3, 14], "texture": "#2"},
				"south": {"uv": [0, 0, 0, 3], "texture": "#2"},
				"west": {"uv": [0, 11, 3, 14], "texture": "#2"},
				"up": {"uv": [0, 0, 0, 3], "texture": "#2"},
				"down": {"uv": [0, 0, 0, 3], "texture": "#2"}
			}
		}
	],
	"gui_light": "front",
	"display": {
		"gui": {
			"translation": [0, -1, 0]
		},
		"fixed": {
			"rotation": [-90, 0, 0],
			"translation": [0, 0, -16],
			"scale": [2, 2, 2]
		}
	}
}