{
	"credit": "momirealms",
	"texture_size": [48, 48],
	"textures": {
		"0": "block/oak_log",
		"1": "item/crops/apple/stage",
		"particle": "block/oak_log"
	},
	"elements": [
		{
			"from": [7.5, 0.5, 7.625],
			"to": [8.5, 6, 8.625],
			"rotation": {"angle": 0, "axis": "y", "origin": [4, 0.5, 4]},
			"faces": {
				"north": {"uv": [10, 7, 9, 12.5], "texture": "#0"},
				"east": {"uv": [11, 0, 10, 5.5], "texture": "#0"},
				"south": {"uv": [12, 3, 11, 8.5], "texture": "#0"},
				"west": {"uv": [3, 8, 2, 13.5], "texture": "#0"},
				"up": {"uv": [1, 0, 0, 1], "texture": "#0"},
				"down": {"uv": [1, 0, 0, 1], "texture": "#0"}
			}
		},
		{
			"from": [5.5, -1, 8],
			"to": [8, 0, 9],
			"rotation": {"angle": 22.5, "axis": "z", "origin": [4, 0.5, 4]},
			"faces": {
				"north": {"uv": [7, 5, 8, 7.5], "rotation": 90, "texture": "#0"},
				"east": {"uv": [0, 0, 1, 1], "texture": "#0"},
				"south": {"uv": [8, 10, 9, 12.5], "rotation": 90, "texture": "#0"},
				"west": {"uv": [0, 0, 1, 1], "texture": "#0"},
				"up": {"uv": [8, 5, 9, 7.5], "rotation": 90, "texture": "#0"},
				"down": {"uv": [0, 0, 2.5, 1], "texture": "#0"}
			}
		},
		{
			"from": [6, 0.5, 8],
			"to": [8.5, 1, 9],
			"rotation": {"angle": 22.5, "axis": "y", "origin": [4, 0.5, 4]},
			"faces": {
				"north": {"uv": [0, 0, 2.5, 0.5], "texture": "#0"},
				"east": {"uv": [0, 0, 1, 0.5], "texture": "#0"},
				"south": {"uv": [0, 0, 2.5, 0.5], "texture": "#0"},
				"west": {"uv": [0, 0, 1, 0.5], "texture": "#0"},
				"up": {"uv": [9, 7, 10, 9.5], "rotation": 90, "texture": "#0"},
				"down": {"uv": [0, 0, 2.5, 1], "texture": "#0"}
			}
		},
		{
			"from": [8, 2, 7.5],
			"to": [9, 3, 10],
			"rotation": {"angle": 22.5, "axis": "x", "origin": [4, 0.5, 4]},
			"faces": {
				"north": {"uv": [0, 0, 1, 1], "texture": "#0"},
				"east": {"uv": [0, 0, 2.5, 1], "texture": "#0"},
				"south": {"uv": [0, 0, 1, 1], "texture": "#0"},
				"west": {"uv": [0, 0, 2.5, 1], "texture": "#0"},
				"up": {"uv": [0, 0, 1, 2.5], "texture": "#0"},
				"down": {"uv": [0, 0, 1, 2.5], "texture": "#0"}
			}
		},
		{
			"from": [8, 3.5, 5],
			"to": [8, 10.5, 12],
			"rotation": {"angle": 0, "axis": "y", "origin": [0, 0.5, 0]},
			"faces": {
				"north": {"uv": [0, 0, 0, 7], "texture": "#1"},
				"east": {"uv": [1.66667, 13.66667, 4, 16], "texture": "#1"},
				"south": {"uv": [3.66667, 8.33333, 3.66667, 10.66667], "texture": "#1"},
				"west": {"uv": [5.66667, 12.66667, 8, 15], "texture": "#1"},
				"up": {"uv": [3.66667, 8.33333, 3.66667, 10.66667], "texture": "#1"},
				"down": {"uv": [3.66667, 8.33333, 3.66667, 10.66667], "texture": "#1"}
			}
		},
		{
			"from": [4.5, 2.5, 8],
			"to": [11.5, 9.5, 8],
			"rotation": {"angle": 0, "axis": "y", "origin": [0, 0.5, 0]},
			"faces": {
				"north": {"uv": [5, 11.66667, 7.33333, 9.33333], "texture": "#1"},
				"east": {"uv": [3.66667, 8.33333, 3.66667, 10.66667], "texture": "#1"},
				"south": {"uv": [3.66667, 4, 1.33334, 6.33334], "texture": "#1"},
				"west": {"uv": [0, 0, 0, 7], "texture": "#1"},
				"up": {"uv": [3.66667, 8.33333, 3.66667, 10.66667], "rotation": 270, "texture": "#1"},
				"down": {"uv": [3.66667, 8.33333, 3.66667, 10.66667], "rotation": 90, "texture": "#1"}
			}
		}
	],
	"gui_light": "front",
	"display": {
		"fixed": {
			"rotation": [-90, 0, 0],
			"translation": [0, 0, -16],
			"scale": [2, 2, 2]
		}
	}
}