{
	"credit": "momirealms",
	"texture_size": [64, 64],
	"textures": {
		"0": "customcrops:item/crops/hop/stage",
		"particle": "customcrops:item/crops/hop/stage"
	},
	"elements": [
		{
			"from": [5.18023, 4, 10.26963],
			"to": [10.18023, 10, 10.26963],
			"rotation": {"angle": -45, "axis": "y", "origin": [7.68023, 13, 9.26963]},
			"faces": {
				"north": {"uv": [0, 9, 1.25, 10.5], "texture": "#0"},
				"east": {"uv": [1.25, 9, 0, 10.5], "texture": "#0"},
				"south": {"uv": [1.25, 9, 0, 10.5], "texture": "#0"},
				"west": {"uv": [1.25, 9, 0, 10.5], "texture": "#0"},
				"up": {"uv": [1.25, 9, 0, 10.5], "rotation": 90, "texture": "#0"},
				"down": {"uv": [1.25, 9, 0, 10.5], "rotation": 270, "texture": "#0"}
			}
		},
		{
			"from": [2.0136, 4, 9.0136],
			"to": [7.0136, 10, 9.0136],
			"rotation": {"angle": 22.5, "axis": "y", "origin": [5.5, 8.49999, 9.0136]},
			"faces": {
				"north": {"uv": [1.25, 7.5, 0, 9], "texture": "#0"},
				"east": {"uv": [1.25, 7.5, 0, 9], "texture": "#0"},
				"south": {"uv": [0, 7.5, 1.25, 9], "texture": "#0"},
				"west": {"uv": [1.25, 7.5, 0, 9], "texture": "#0"},
				"up": {"uv": [0, 9, 1.25, 7.5], "rotation": 90, "texture": "#0"},
				"down": {"uv": [0, 9, 1.25, 7.5], "rotation": 270, "texture": "#0"}
			}
		},
		{
			"from": [3.18023, 12, 8.26963],
			"to": [8.18023, 18, 8.26963],
			"rotation": {"angle": -22.5, "axis": "y", "origin": [7.68023, 13, 9.26963]},
			"faces": {
				"north": {"uv": [0, 9, 1.25, 10.5], "texture": "#0"},
				"east": {"uv": [1.25, 9, 0, 10.5], "texture": "#0"},
				"south": {"uv": [1.25, 9, 0, 10.5], "texture": "#0"},
				"west": {"uv": [1.25, 9, 0, 10.5], "texture": "#0"},
				"up": {"uv": [1.25, 9, 0, 10.5], "rotation": 90, "texture": "#0"},
				"down": {"uv": [1.25, 9, 0, 10.5], "rotation": 270, "texture": "#0"}
			}
		},
		{
			"from": [6.42287, -1, 10.56963],
			"to": [11.42287, 5, 10.56963],
			"rotation": {"angle": -22.5, "axis": "y", "origin": [13.92287, 2, 7.26963]},
			"faces": {
				"north": {"uv": [0, 9, 1.25, 10.5], "texture": "#0"},
				"east": {"uv": [1.25, 9, 0, 10.5], "texture": "#0"},
				"south": {"uv": [1.25, 9, 0, 10.5], "texture": "#0"},
				"west": {"uv": [1.25, 9, 0, 10.5], "texture": "#0"},
				"up": {"uv": [1.25, 9, 0, 10.5], "rotation": 90, "texture": "#0"},
				"down": {"uv": [1.25, 9, 0, 10.5], "rotation": 270, "texture": "#0"}
			}
		},
		{
			"from": [3.18023, -1, 5.26963],
			"to": [8.18023, 5, 5.26963],
			"rotation": {"angle": 45, "axis": "y", "origin": [9.68023, 2, 7.26963]},
			"faces": {
				"north": {"uv": [1.25, 9, 0, 10.5], "texture": "#0"},
				"east": {"uv": [1.25, 9, 0, 10.5], "texture": "#0"},
				"south": {"uv": [0, 9, 1.25, 10.5], "texture": "#0"},
				"west": {"uv": [1.25, 9, 0, 10.5], "texture": "#0"},
				"up": {"uv": [1.25, 9, 0, 10.5], "rotation": 270, "texture": "#0"},
				"down": {"uv": [1.25, 9, 0, 10.5], "rotation": 90, "texture": "#0"}
			}
		},
		{
			"from": [8.18023, 4, 13.26963],
			"to": [13.18023, 10, 13.26963],
			"rotation": {"angle": -45, "axis": "y", "origin": [10.68023, 13, 12.26963]},
			"faces": {
				"north": {"uv": [0, 9, 1.25, 10.5], "texture": "#0"},
				"east": {"uv": [1.25, 9, 0, 10.5], "texture": "#0"},
				"south": {"uv": [1.25, 9, 0, 10.5], "texture": "#0"},
				"west": {"uv": [1.25, 9, 0, 10.5], "texture": "#0"},
				"up": {"uv": [1.25, 9, 0, 10.5], "rotation": 90, "texture": "#0"},
				"down": {"uv": [1.25, 9, 0, 10.5], "rotation": 270, "texture": "#0"}
			}
		},
		{
			"from": [6.18023, 16, 9.26963],
			"to": [11.18023, 22, 9.26963],
			"rotation": {"angle": -22.5, "axis": "y", "origin": [10.68023, 13, 12.26963]},
			"faces": {
				"north": {"uv": [0, 9, 1.25, 10.5], "texture": "#0"},
				"east": {"uv": [1.25, 9, 0, 10.5], "texture": "#0"},
				"south": {"uv": [1.25, 9, 0, 10.5], "texture": "#0"},
				"west": {"uv": [1.25, 9, 0, 10.5], "texture": "#0"},
				"up": {"uv": [1.25, 9, 0, 10.5], "rotation": 90, "texture": "#0"},
				"down": {"uv": [1.25, 9, 0, 10.5], "rotation": 270, "texture": "#0"}
			}
		},
		{
			"from": [6.18023, 12, 11.26963],
			"to": [11.18023, 18, 11.26963],
			"rotation": {"angle": -22.5, "axis": "y", "origin": [10.68023, 13, 12.26963]},
			"faces": {
				"north": {"uv": [0, 9, 1.25, 10.5], "texture": "#0"},
				"east": {"uv": [1.25, 9, 0, 10.5], "texture": "#0"},
				"south": {"uv": [1.25, 9, 0, 10.5], "texture": "#0"},
				"west": {"uv": [1.25, 9, 0, 10.5], "texture": "#0"},
				"up": {"uv": [1.25, 9, 0, 10.5], "rotation": 90, "texture": "#0"},
				"down": {"uv": [1.25, 9, 0, 10.5], "rotation": 270, "texture": "#0"}
			}
		},
		{
			"from": [5.18023, 13, 10.26963],
			"to": [10.18023, 19, 10.26963],
			"rotation": {"angle": -45, "axis": "y", "origin": [10.68023, 13, 12.26963]},
			"faces": {
				"north": {"uv": [0, 9, 1.25, 10.5], "texture": "#0"},
				"east": {"uv": [1.25, 9, 0, 10.5], "texture": "#0"},
				"south": {"uv": [1.25, 9, 0, 10.5], "texture": "#0"},
				"west": {"uv": [1.25, 9, 0, 10.5], "texture": "#0"},
				"up": {"uv": [1.25, 9, 0, 10.5], "rotation": 90, "texture": "#0"},
				"down": {"uv": [1.25, 9, 0, 10.5], "rotation": 270, "texture": "#0"}
			}
		},
		{
			"from": [11.37947, 7, 6.322],
			"to": [11.37947, 13, 11.322],
			"rotation": {"angle": 22.5, "axis": "y", "origin": [12.37947, 10, 8.822]},
			"faces": {
				"north": {"uv": [1.25, 9, 0, 10.5], "texture": "#0"},
				"east": {"uv": [0, 9, 1.25, 10.5], "texture": "#0"},
				"south": {"uv": [1.25, 9, 0, 10.5], "texture": "#0"},
				"west": {"uv": [1.25, 9, 0, 10.5], "texture": "#0"},
				"up": {"uv": [1.25, 9, 0, 10.5], "rotation": 180, "texture": "#0"},
				"down": {"uv": [1.25, 9, 0, 10.5], "rotation": 180, "texture": "#0"}
			}
		},
		{
			"from": [4.4864, 4, 8.0136],
			"to": [9.4864, 10, 8.0136],
			"rotation": {"angle": -45, "axis": "y", "origin": [8.5, 8.49999, 12.0136]},
			"faces": {
				"north": {"uv": [0, 9, 1.25, 10.5], "texture": "#0"},
				"east": {"uv": [1.25, 9, 0, 10.5], "texture": "#0"},
				"south": {"uv": [1.25, 9, 0, 10.5], "texture": "#0"},
				"west": {"uv": [1.25, 9, 0, 10.5], "texture": "#0"},
				"up": {"uv": [1.25, 9, 0, 10.5], "rotation": 90, "texture": "#0"},
				"down": {"uv": [1.25, 9, 0, 10.5], "rotation": 270, "texture": "#0"}
			}
		},
		{
			"from": [5.0136, 6, 12.0136],
			"to": [10.0136, 12, 12.0136],
			"rotation": {"angle": 22.5, "axis": "y", "origin": [8.5, 8.49999, 12.0136]},
			"faces": {
				"north": {"uv": [1.25, 7.5, 0, 9], "texture": "#0"},
				"east": {"uv": [1.25, 7.5, 0, 9], "texture": "#0"},
				"south": {"uv": [0, 7.5, 1.25, 9], "texture": "#0"},
				"west": {"uv": [1.25, 7.5, 0, 9], "texture": "#0"},
				"up": {"uv": [0, 9, 1.25, 7.5], "rotation": 90, "texture": "#0"},
				"down": {"uv": [0, 9, 1.25, 7.5], "rotation": 270, "texture": "#0"}
			}
		},
		{
			"from": [4.18119, 16, 8.17556],
			"to": [9.18119, 22, 8.17556],
			"rotation": {"angle": 0, "axis": "y", "origin": [5.68119, 19, 9.17556]},
			"faces": {
				"north": {"uv": [1.25, 7.5, 0, 9], "texture": "#0"},
				"east": {"uv": [1.25, 7.5, 0, 9], "texture": "#0"},
				"south": {"uv": [0, 7.5, 1.25, 9], "texture": "#0"},
				"west": {"uv": [1.25, 7.5, 0, 9], "texture": "#0"},
				"up": {"uv": [0, 9, 1.25, 7.5], "rotation": 90, "texture": "#0"},
				"down": {"uv": [0, 9, 1.25, 7.5], "rotation": 270, "texture": "#0"}
			}
		},
		{
			"from": [4.5, 7, 9.5],
			"to": [4.5, 13, 14.5],
			"rotation": {"angle": -45, "axis": "y", "origin": [8.5, 8.49999, 12.0136]},
			"faces": {
				"north": {"uv": [1.25, 7.5, 0, 9], "texture": "#0"},
				"east": {"uv": [0, 7.5, 1.25, 9], "texture": "#0"},
				"south": {"uv": [1.25, 7.5, 0, 9], "texture": "#0"},
				"west": {"uv": [1.25, 7.5, 0, 9], "texture": "#0"},
				"up": {"uv": [0, 9, 1.25, 7.5], "texture": "#0"},
				"down": {"uv": [0, 9, 1.25, 7.5], "texture": "#0"}
			}
		},
		{
			"from": [7.3446, 10, 3.23254],
			"to": [10.3446, 15, 3.23254],
			"rotation": {"angle": 0, "axis": "y", "origin": [9.8446, 17.5, 7.23254]},
			"faces": {
				"north": {"uv": [0.75, 11, 0, 12.25], "texture": "#0"},
				"east": {"uv": [0.75, 11, 0, 12.25], "texture": "#0"},
				"south": {"uv": [0.75, 11, 0, 12.25], "texture": "#0"},
				"west": {"uv": [0.75, 11, 0, 12.25], "texture": "#0"},
				"up": {"uv": [0.75, 11, 0, 12.25], "rotation": 270, "texture": "#0"},
				"down": {"uv": [0.75, 11, 0, 12.25], "rotation": 90, "texture": "#0"}
			}
		},
		{
			"from": [11.5, 6, 6],
			"to": [11.5, 11, 9],
			"rotation": {"angle": 22.5, "axis": "y", "origin": [8.5, 8.49999, 3.9864]},
			"faces": {
				"north": {"uv": [0.75, 11, 0, 12.25], "texture": "#0"},
				"east": {"uv": [0.75, 11, 0, 12.25], "texture": "#0"},
				"south": {"uv": [0.75, 11, 0, 12.25], "texture": "#0"},
				"west": {"uv": [0.75, 11, 0, 12.25], "texture": "#0"},
				"up": {"uv": [0.75, 11, 0, 12.25], "texture": "#0"},
				"down": {"uv": [0.75, 11, 0, 12.25], "texture": "#0"}
			}
		},
		{
			"from": [8.52282, 2, 12.94042],
			"to": [11.52282, 7, 12.94042],
			"rotation": {"angle": 45, "axis": "y", "origin": [10.02282, 3.5, 12.94042]},
			"faces": {
				"north": {"uv": [0.75, 11, 0, 12.25], "texture": "#0"},
				"east": {"uv": [0.75, 11, 0, 12.25], "texture": "#0"},
				"south": {"uv": [0.75, 11, 0, 12.25], "texture": "#0"},
				"west": {"uv": [0.75, 11, 0, 12.25], "texture": "#0"},
				"up": {"uv": [0.75, 11, 0, 12.25], "rotation": 90, "texture": "#0"},
				"down": {"uv": [0.75, 11, 0, 12.25], "rotation": 270, "texture": "#0"}
			}
		},
		{
			"from": [8.6828, 11, 11.32635],
			"to": [11.6828, 16, 11.32635],
			"rotation": {"angle": 22.5, "axis": "y", "origin": [8.1828, 15.5, 12.32635]},
			"faces": {
				"north": {"uv": [0.75, 11, 0, 12.25], "texture": "#0"},
				"east": {"uv": [0.75, 11, 0, 12.25], "texture": "#0"},
				"south": {"uv": [0.75, 11, 0, 12.25], "texture": "#0"},
				"west": {"uv": [0.75, 11, 0, 12.25], "texture": "#0"},
				"up": {"uv": [0.75, 11, 0, 12.25], "rotation": 90, "texture": "#0"},
				"down": {"uv": [0.75, 11, 0, 12.25], "rotation": 270, "texture": "#0"}
			}
		},
		{
			"from": [1.6828, 13, 11.32635],
			"to": [4.6828, 18, 11.32635],
			"rotation": {"angle": -45, "axis": "y", "origin": [8.1828, 15.5, 12.32635]},
			"faces": {
				"north": {"uv": [0.75, 11, 0, 12.25], "texture": "#0"},
				"east": {"uv": [0.75, 11, 0, 12.25], "texture": "#0"},
				"south": {"uv": [0.75, 11, 0, 12.25], "texture": "#0"},
				"west": {"uv": [0.75, 11, 0, 12.25], "texture": "#0"},
				"up": {"uv": [0.75, 11, 0, 12.25], "rotation": 90, "texture": "#0"},
				"down": {"uv": [0.75, 11, 0, 12.25], "rotation": 270, "texture": "#0"}
			}
		},
		{
			"from": [6.33099, 7, 12.6237],
			"to": [9.33099, 12, 12.6237],
			"rotation": {"angle": 22.5, "axis": "y", "origin": [7.25946, 4.5, 11.59068]},
			"faces": {
				"north": {"uv": [0.75, 11, 0, 12.25], "texture": "#0"},
				"east": {"uv": [0.75, 11, 0, 12.25], "texture": "#0"},
				"south": {"uv": [0.75, 11, 0, 12.25], "texture": "#0"},
				"west": {"uv": [0.75, 11, 0, 12.25], "texture": "#0"},
				"up": {"uv": [0.75, 11, 0, 12.25], "rotation": 90, "texture": "#0"},
				"down": {"uv": [0.75, 11, 0, 12.25], "rotation": 270, "texture": "#0"}
			}
		},
		{
			"from": [3.33099, 3, 12.6237],
			"to": [6.33099, 8, 12.6237],
			"rotation": {"angle": -22.5, "axis": "y", "origin": [7.25946, 4.5, 11.59068]},
			"faces": {
				"north": {"uv": [0.75, 11, 0, 12.25], "texture": "#0"},
				"east": {"uv": [0.75, 11, 0, 12.25], "texture": "#0"},
				"south": {"uv": [0.75, 11, 0, 12.25], "texture": "#0"},
				"west": {"uv": [0.75, 11, 0, 12.25], "texture": "#0"},
				"up": {"uv": [0.75, 11, 0, 12.25], "rotation": 90, "texture": "#0"},
				"down": {"uv": [0.75, 11, 0, 12.25], "rotation": 270, "texture": "#0"}
			}
		},
		{
			"from": [8.5136, 3, 3.9864],
			"to": [11.5136, 8, 3.9864],
			"rotation": {"angle": -22.5, "axis": "y", "origin": [8.5, 8.49999, 3.9864]},
			"faces": {
				"north": {"uv": [0.75, 11, 0, 12.25], "texture": "#0"},
				"east": {"uv": [0.75, 11, 0, 12.25], "texture": "#0"},
				"south": {"uv": [0.75, 11, 0, 12.25], "texture": "#0"},
				"west": {"uv": [0.75, 11, 0, 12.25], "texture": "#0"},
				"up": {"uv": [0.75, 11, 0, 12.25], "rotation": 270, "texture": "#0"},
				"down": {"uv": [0.75, 11, 0, 12.25], "rotation": 90, "texture": "#0"}
			}
		},
		{
			"from": [5.5136, 1, 3.9864],
			"to": [8.5136, 6, 3.9864],
			"rotation": {"angle": -22.5, "axis": "y", "origin": [8.5, 8.49999, 3.9864]},
			"faces": {
				"north": {"uv": [0.75, 11, 0, 12.25], "texture": "#0"},
				"east": {"uv": [0.75, 11, 0, 12.25], "texture": "#0"},
				"south": {"uv": [0.75, 11, 0, 12.25], "texture": "#0"},
				"west": {"uv": [0.75, 11, 0, 12.25], "texture": "#0"},
				"up": {"uv": [0.75, 11, 0, 12.25], "rotation": 270, "texture": "#0"},
				"down": {"uv": [0.75, 11, 0, 12.25], "rotation": 90, "texture": "#0"}
			}
		},
		{
			"from": [4.5, 3, 1],
			"to": [4.5, 8, 4],
			"rotation": {"angle": 45, "axis": "y", "origin": [8.5, 8.49999, 3.9864]},
			"faces": {
				"north": {"uv": [0.75, 11, 0, 12.25], "texture": "#0"},
				"east": {"uv": [0.75, 11, 0, 12.25], "texture": "#0"},
				"south": {"uv": [0.75, 11, 0, 12.25], "texture": "#0"},
				"west": {"uv": [0.75, 11, 0, 12.25], "texture": "#0"},
				"up": {"uv": [0.75, 11, 0, 12.25], "texture": "#0"},
				"down": {"uv": [0.75, 11, 0, 12.25], "texture": "#0"}
			}
		},
		{
			"from": [9.82763, 13, 6.47089],
			"to": [12.82763, 17, 6.47089],
			"rotation": {"angle": 0, "axis": "y", "origin": [5.32763, 12, 6.47089]},
			"faces": {
				"north": {"uv": [0.75, 11, 0, 12.25], "texture": "#0"},
				"east": {"uv": [0.75, 11, 0, 12.25], "texture": "#0"},
				"south": {"uv": [0.75, 11, 0, 12.25], "texture": "#0"},
				"west": {"uv": [0.75, 11, 0, 12.25], "texture": "#0"},
				"up": {"uv": [0.75, 11, 0, 12.25], "rotation": 270, "texture": "#0"},
				"down": {"uv": [0.75, 11, 0, 12.25], "rotation": 90, "texture": "#0"}
			}
		},
		{
			"from": [3.82763, 12, 6.47089],
			"to": [6.82763, 16, 6.47089],
			"rotation": {"angle": -22.5, "axis": "y", "origin": [5.32763, 12, 6.47089]},
			"faces": {
				"north": {"uv": [0.75, 11, 0, 12.25], "texture": "#0"},
				"east": {"uv": [0.75, 11, 0, 12.25], "texture": "#0"},
				"south": {"uv": [0.75, 11, 0, 12.25], "texture": "#0"},
				"west": {"uv": [0.75, 11, 0, 12.25], "texture": "#0"},
				"up": {"uv": [0.75, 11, 0, 12.25], "rotation": 270, "texture": "#0"},
				"down": {"uv": [0.75, 11, 0, 12.25], "rotation": 90, "texture": "#0"}
			}
		},
		{
			"from": [4.5, 7, 1],
			"to": [4.5, 13, 6],
			"rotation": {"angle": 45, "axis": "y", "origin": [8.5, 8.49999, 3.9864]},
			"faces": {
				"north": {"uv": [0, 7.5, 1.25, 9], "texture": "#0"},
				"east": {"uv": [1.25, 7.5, 0, 9], "texture": "#0"},
				"south": {"uv": [0, 7.5, 1.25, 9], "texture": "#0"},
				"west": {"uv": [0, 7.5, 1.25, 9], "texture": "#0"},
				"up": {"uv": [0, 7.5, 1.25, 9], "texture": "#0"},
				"down": {"uv": [0, 7.5, 1.25, 9], "texture": "#0"}
			}
		},
		{
			"from": [6.4864, -1, 5.9864],
			"to": [11.4864, 5, 5.9864],
			"rotation": {"angle": 45, "axis": "y", "origin": [8.5, 8.49999, 3.9864]},
			"faces": {
				"north": {"uv": [0, 9, 1.25, 10.5], "texture": "#0"},
				"east": {"uv": [0, 9, 1.25, 10.5], "texture": "#0"},
				"south": {"uv": [1.25, 9, 0, 10.5], "texture": "#0"},
				"west": {"uv": [0, 9, 1.25, 10.5], "texture": "#0"},
				"up": {"uv": [0, 9, 1.25, 10.5], "rotation": 90, "texture": "#0"},
				"down": {"uv": [0, 9, 1.25, 10.5], "rotation": 270, "texture": "#0"}
			}
		},
		{
			"from": [6.4864, 7, 7.9864],
			"to": [11.4864, 13, 7.9864],
			"rotation": {"angle": 45, "axis": "y", "origin": [8.5, 8.49999, 3.9864]},
			"faces": {
				"north": {"uv": [0, 7.5, 1.25, 9], "texture": "#0"},
				"east": {"uv": [0, 7.5, 1.25, 9], "texture": "#0"},
				"south": {"uv": [1.25, 7.5, 0, 9], "texture": "#0"},
				"west": {"uv": [0, 7.5, 1.25, 9], "texture": "#0"},
				"up": {"uv": [0, 7.5, 1.25, 9], "rotation": 90, "texture": "#0"},
				"down": {"uv": [0, 7.5, 1.25, 9], "rotation": 270, "texture": "#0"}
			}
		},
		{
			"from": [6.46526, 16, 6.76378],
			"to": [11.46526, 22, 6.76378],
			"rotation": {"angle": 45, "axis": "y", "origin": [10.96526, 14, 5.76378]},
			"faces": {
				"north": {"uv": [0, 7.5, 1.25, 9], "texture": "#0"},
				"east": {"uv": [0, 7.5, 1.25, 9], "texture": "#0"},
				"south": {"uv": [1.25, 7.5, 0, 9], "texture": "#0"},
				"west": {"uv": [0, 7.5, 1.25, 9], "texture": "#0"},
				"up": {"uv": [0, 7.5, 1.25, 9], "rotation": 90, "texture": "#0"},
				"down": {"uv": [0, 7.5, 1.25, 9], "rotation": 270, "texture": "#0"}
			}
		},
		{
			"from": [6.46526, 8, 4.76378],
			"to": [11.46526, 14, 4.76378],
			"rotation": {"angle": 45, "axis": "y", "origin": [10.96526, 14, 5.76378]},
			"faces": {
				"north": {"uv": [0, 9, 1.25, 10.5], "texture": "#0"},
				"east": {"uv": [0, 9, 1.25, 10.5], "texture": "#0"},
				"south": {"uv": [1.25, 9, 0, 10.5], "texture": "#0"},
				"west": {"uv": [0, 9, 1.25, 10.5], "texture": "#0"},
				"up": {"uv": [0, 9, 1.25, 10.5], "rotation": 90, "texture": "#0"},
				"down": {"uv": [0, 9, 1.25, 10.5], "rotation": 270, "texture": "#0"}
			}
		},
		{
			"from": [8.5, 11, -3],
			"to": [8.5, 17, 2],
			"rotation": {"angle": 22.5, "axis": "x", "origin": [8.5, 2, 4.5]},
			"faces": {
				"north": {"uv": [0, 7.5, 1.25, 9], "texture": "#0"},
				"east": {"uv": [1.25, 7.5, 0, 9], "texture": "#0"},
				"south": {"uv": [0, 7.5, 1.25, 9], "texture": "#0"},
				"west": {"uv": [0, 7.5, 1.25, 9], "texture": "#0"},
				"up": {"uv": [0, 7.5, 1.25, 9], "texture": "#0"},
				"down": {"uv": [0, 7.5, 1.25, 9], "texture": "#0"}
			}
		},
		{
			"from": [7.1, 3, 1],
			"to": [7.1, 9, 6],
			"rotation": {"angle": 45, "axis": "y", "origin": [8.5, 6, 3.5]},
			"faces": {
				"north": {"uv": [0, 9, 1.25, 10.5], "texture": "#0"},
				"east": {"uv": [1.25, 9, 0, 10.5], "texture": "#0"},
				"south": {"uv": [0, 9, 1.25, 10.5], "texture": "#0"},
				"west": {"uv": [0, 9, 1.25, 10.5], "texture": "#0"},
				"up": {"uv": [0, 9, 1.25, 10.5], "texture": "#0"},
				"down": {"uv": [0, 9, 1.25, 10.5], "texture": "#0"}
			}
		},
		{
			"from": [8.5, -1, 1],
			"to": [8.5, 5, 6],
			"faces": {
				"north": {"uv": [0, 9, 1.25, 10.5], "texture": "#0"},
				"east": {"uv": [1.25, 9, 0, 10.5], "texture": "#0"},
				"south": {"uv": [0, 9, 1.25, 10.5], "texture": "#0"},
				"west": {"uv": [0, 9, 1.25, 10.5], "texture": "#0"},
				"up": {"uv": [0, 9, 1.25, 10.5], "texture": "#0"},
				"down": {"uv": [0, 9, 1.25, 10.5], "texture": "#0"}
			}
		},
		{
			"from": [8.5, 0, 2],
			"to": [8.5, 23, 14],
			"rotation": {"angle": 0, "axis": "y", "origin": [8.5, 11.5, 8]},
			"faces": {
				"north": {"uv": [0, 0, 3, 5.75], "texture": "#0"},
				"east": {"uv": [13, 5.75, 10, 11.5], "texture": "#0"},
				"south": {"uv": [0, 0, 3, 5.75], "texture": "#0"},
				"west": {"uv": [0, 0, 3, 5.75], "texture": "#0"},
				"up": {"uv": [0, 0, 3, 5.75], "rotation": 270, "texture": "#0"},
				"down": {"uv": [0, 0, 3, 5.75], "rotation": 90, "texture": "#0"}
			}
		},
		{
			"from": [2.5, 0, 8],
			"to": [14.5, 23, 8],
			"faces": {
				"north": {"uv": [0, 0, 3, 5.75], "texture": "#0"},
				"east": {"uv": [0, 0, 3, 5.75], "texture": "#0"},
				"south": {"uv": [0, 0, 3, 5.75], "texture": "#0"},
				"west": {"uv": [0, 0, 3, 5.75], "texture": "#0"},
				"up": {"uv": [0, 0, 3, 5.75], "texture": "#0"},
				"down": {"uv": [0, 0, 3, 5.75], "texture": "#0"}
			}
		},
		{
			"from": [2, 23, 7.5],
			"to": [14, 24, 8.5],
			"faces": {
				"north": {"uv": [6.5, 0.25, 9.5, 0.5], "texture": "#0"},
				"east": {"uv": [6.25, 0.25, 6.5, 0.5], "texture": "#0"},
				"south": {"uv": [9.75, 0.25, 12.75, 0.5], "texture": "#0"},
				"west": {"uv": [9.5, 0.25, 9.75, 0.5], "texture": "#0"},
				"up": {"uv": [9.5, 0.25, 6.5, 0], "texture": "#0"},
				"down": {"uv": [12.5, 0, 9.5, 0.25], "texture": "#0"}
			}
		},
		{
			"from": [13.9, 0, 7],
			"to": [15.9, 25, 9],
			"shade": false,
			"faces": {
				"north": {"uv": [6.75, 6.25, 6.25, 12.5], "texture": "#0"},
				"east": {"uv": [7.25, 6.25, 6.75, 12.5], "texture": "#0"},
				"south": {"uv": [7.75, 6.25, 7.25, 12.5], "texture": "#0"},
				"west": {"uv": [6.25, 6.25, 5.75, 12.5], "texture": "#0"},
				"up": {"uv": [6.25, 6.25, 6.75, 5.75], "texture": "#0"},
				"down": {"uv": [6.75, 5.75, 7.25, 6.25], "texture": "#0"}
			}
		},
		{
			"from": [0.1, 0, 7],
			"to": [2.1, 25, 9],
			"faces": {
				"north": {"uv": [6.25, 6.25, 6.75, 12.5], "texture": "#0"},
				"east": {"uv": [5.75, 6.25, 6.25, 12.5], "texture": "#0"},
				"south": {"uv": [7.25, 6.25, 7.75, 12.5], "texture": "#0"},
				"west": {"uv": [6.75, 6.25, 7.25, 12.5], "texture": "#0"},
				"up": {"uv": [6.75, 6.25, 6.25, 5.75], "texture": "#0"},
				"down": {"uv": [7.25, 5.75, 6.75, 6.25], "texture": "#0"}
			}
		}
	],
	"gui_light": "front",
	"display": {
		"fixed": {
			"rotation": [-90, 0, 0],
			"translation": [0, 0, -16],
			"scale": [2, 2, 2]
		}
	}
}