{"credit":"momirealms","textures":{"0":"item/crops/cabbage/cabbage_leaves","1":"item/crops/cabbage/stage_3","particle":"item/crops/cabbage/cabbage_leaves"},"elements":[{"from":[8,7,2],"to":[8,19,14],"rotation":{"angle":-45,"axis":"z","origin":[0,0,0]},"faces":{"north":{"uv":[0,0,0,16],"texture":"#0"},"east":{"uv":[0,0,16,16],"texture":"#0"},"south":{"uv":[0,0,0,16],"texture":"#0"},"west":{"uv":[0,0,16,16],"texture":"#0"},"up":{"uv":[0,0,0,16],"rotation":180,"texture":"#0"},"down":{"uv":[0,0,0,16],"rotation":180,"texture":"#0"}}},{"from":[2,-4,3.25],"to":[14,8,3.25],"rotation":{"angle":-45,"axis":"x","origin":[0,0,0]},"faces":{"north":{"uv":[0,0,16,16],"texture":"#0"},"east":{"uv":[0,0,0,16],"texture":"#0"},"south":{"uv":[0,0,16,16],"texture":"#0"},"west":{"uv":[0,0,0,16],"texture":"#0"},"up":{"uv":[0,0,0,16],"rotation":90,"texture":"#0"},"down":{"uv":[0,0,0,16],"rotation":270,"texture":"#0"}}},{"from":[2,7,7.75],"to":[14,19,7.75],"rotation":{"angle":45,"axis":"x","origin":[0,0,0]},"faces":{"north":{"uv":[0,0,16,16],"texture":"#0"},"east":{"uv":[0,0,0,16],"texture":"#0"},"south":{"uv":[0,0,16,16],"texture":"#0"},"west":{"uv":[0,0,0,16],"texture":"#0"},"up":{"uv":[0,0,0,16],"rotation":90,"texture":"#0"},"down":{"uv":[0,0,0,16],"rotation":270,"texture":"#0"}}},{"from":[3.5,-4,2],"to":[3.5,8,14],"rotation":{"angle":45,"axis":"z","origin":[0,0,0]},"faces":{"north":{"uv":[0,0,0,16],"texture":"#0"},"east":{"uv":[0,0,16,16],"texture":"#0"},"south":{"uv":[0,0,0,16],"texture":"#0"},"west":{"uv":[0,0,16,16],"texture":"#0"},"up":{"uv":[0,0,0,16],"rotation":180,"texture":"#0"},"down":{"uv":[0,0,0,16],"rotation":180,"texture":"#0"}}},{"from":[4,0.25,4],"to":[12,6.25,12],"faces":{"north":{"uv":[0,7,8,13],"texture":"#1"},"east":{"uv":[5,5,13,11],"texture":"#1"},"south":{"uv":[3,4,11,10],"texture":"#1"},"west":{"uv":[5,5,13,11],"texture":"#1"},"up":{"uv":[4,4,12,12],"texture":"#1"},"down":{"uv":[4,4,12,12],"texture":"#1"}}}],"gui_light":"front","display":{"fixed":{"rotation":[-90,0,0],"translation":[0,0,-16],"scale":[2,2,2]}}}