{"credit":"momirealms","textures":{"0":"item/crops/garlic/stage_1","particle":"item/crops/garlic/stage_1"},"elements":[{"from":[0,0.1,0],"to":[16,0.1,16],"faces":{"north":{"uv":[0,0,16,0],"texture":"#0"},"east":{"uv":[0,0,16,0],"texture":"#0"},"south":{"uv":[0,0,16,0],"texture":"#0"},"west":{"uv":[0,0,16,0],"texture":"#0"},"up":{"uv":[0,0,16,16],"texture":"#0"},"down":{"uv":[0,0,16,16],"texture":"#0"}}}],"gui_light":"front","display":{"gui":{"rotation":[90,0,0]},"fixed":{"rotation":[-90,0,0],"translation":[0,0,-16],"scale":[2,2,2]}}}