{
	"credit": "momirealms",
	"texture_size": [32, 32],
	"textures": {
		"0": "#pepper",
		"particle": "item/crops/pepper/stage_3"
	},
	"elements": [
		{
			"from": [8, 0, -3],
			"to": [8, 30, 19],
			"rotation": {"angle": 45, "axis": "y", "origin": [8, 0, 8]},
			"faces": {
				"north": {"uv": [0, 0, 0, 16], "texture": "#missing"},
				"east": {"uv": [0, 0, 8, 16], "texture": "#0"},
				"south": {"uv": [0, 0, 0, 16], "texture": "#missing"},
				"west": {"uv": [8, 0, 0, 16], "texture": "#0"},
				"up": {"uv": [0, 0, 8, 0], "rotation": 270, "texture": "#missing"},
				"down": {"uv": [0, 0, 8, 0], "rotation": 90, "texture": "#missing"}
			}
		},
		{
			"from": [-3, 0, 8],
			"to": [19, 32, 8],
			"rotation": {"angle": 45, "axis": "y", "origin": [8, 0, 8]},
			"faces": {
				"north": {"uv": [0, 0, 8, 16], "texture": "#0"},
				"east": {"uv": [0, 0, 0, 16], "texture": "#missing"},
				"south": {"uv": [8, 0, 0, 16], "texture": "#0"},
				"west": {"uv": [0, 0, 0, 16], "texture": "#missing"},
				"up": {"uv": [0, 0, 8, 0], "rotation": 180, "texture": "#missing"},
				"down": {"uv": [0, 0, 8, 0], "rotation": 180, "texture": "#missing"}
			}
		},
		{
			"from": [5, 10, 6],
			"to": [7, 16, 6],
			"rotation": {"angle": -22.5, "axis": "y", "origin": [7, 11.5, 6]},
			"faces": {
				"north": {"uv": [9, 9.5, 10, 12.5], "texture": "#0"},
				"east": {"uv": [0, 0, 0, 2.5], "texture": "#missing"},
				"south": {"uv": [9, 9.5, 10, 12.5], "texture": "#0"},
				"west": {"uv": [0, 0, 0, 2.5], "texture": "#missing"},
				"up": {"uv": [0, 0, 0, 1], "rotation": 270, "texture": "#missing"},
				"down": {"uv": [0, 0, 0, 1], "rotation": 90, "texture": "#missing"}
			}
		},
		{
			"from": [3, 12, 2],
			"to": [3, 18, 4],
			"rotation": {"angle": 0, "axis": "y", "origin": [7, 11.5, 6]},
			"faces": {
				"north": {"uv": [0, 0, 0, 2.5], "texture": "#missing"},
				"east": {"uv": [9, 9.5, 10, 12.5], "texture": "#0"},
				"south": {"uv": [0, 0, 0, 2.5], "texture": "#missing"},
				"west": {"uv": [9, 9.5, 10, 12.5], "texture": "#0"},
				"up": {"uv": [0, 0, 0, 1], "rotation": 180, "texture": "#missing"},
				"down": {"uv": [0, 0, 0, 1], "rotation": 180, "texture": "#missing"}
			}
		},
		{
			"from": [14, 7, 9],
			"to": [14, 13, 11],
			"rotation": {"angle": -22.5, "axis": "y", "origin": [7, 11.5, 6]},
			"faces": {
				"north": {"uv": [0, 0, 0, 2.5], "texture": "#missing"},
				"east": {"uv": [9, 9.5, 10, 12.5], "texture": "#0"},
				"south": {"uv": [0, 0, 0, 2.5], "texture": "#missing"},
				"west": {"uv": [9, 9.5, 10, 12.5], "texture": "#0"},
				"up": {"uv": [0, 0, 0, 1], "texture": "#missing"},
				"down": {"uv": [0, 0, 0, 1], "texture": "#missing"}
			}
		},
		{
			"from": [5, 4, 14],
			"to": [7, 10, 14],
			"rotation": {"angle": -22.5, "axis": "y", "origin": [7, 11.5, 6]},
			"faces": {
				"north": {"uv": [9, 9.5, 10, 12.5], "texture": "#0"},
				"east": {"uv": [0, 0, 0, 2.5], "texture": "#missing"},
				"south": {"uv": [9, 9.5, 10, 12.5], "texture": "#0"},
				"west": {"uv": [0, 0, 0, 2.5], "texture": "#missing"},
				"up": {"uv": [0, 0, 0, 1], "rotation": 90, "texture": "#missing"},
				"down": {"uv": [0, 0, 0, 1], "rotation": 270, "texture": "#missing"}
			}
		},
		{
			"from": [13, 3, 4],
			"to": [15, 9, 4],
			"rotation": {"angle": 22.5, "axis": "y", "origin": [10, 8, 5]},
			"faces": {
				"north": {"uv": [9, 9.5, 10, 12.5], "texture": "#0"},
				"east": {"uv": [0, 0, 0, 2.5], "texture": "#missing"},
				"south": {"uv": [9, 9.5, 10, 12.5], "texture": "#0"},
				"west": {"uv": [0, 0, 0, 2.5], "texture": "#missing"},
				"up": {"uv": [0, 0, 0, 1], "rotation": 270, "texture": "#missing"},
				"down": {"uv": [0, 0, 0, 1], "rotation": 90, "texture": "#missing"}
			}
		},
		{
			"from": [7, 2, 6],
			"to": [9, 8, 6],
			"rotation": {"angle": 22.5, "axis": "y", "origin": [10, 8, 5]},
			"faces": {
				"north": {"uv": [9, 9.5, 10, 12.5], "texture": "#0"},
				"east": {"uv": [0, 0, 0, 2.5], "texture": "#missing"},
				"south": {"uv": [9, 9.5, 10, 12.5], "texture": "#0"},
				"west": {"uv": [0, 0, 0, 2.5], "texture": "#missing"},
				"up": {"uv": [0, 0, 0, 1], "rotation": 270, "texture": "#missing"},
				"down": {"uv": [0, 0, 0, 1], "rotation": 90, "texture": "#missing"}
			}
		}
	],
	"gui_light": "front",
	"display": {
		"fixed": {
			"rotation": [-90, 0, 0],
			"translation": [0, 0, -16],
			"scale": [2, 2, 2]
		}
	}
}