{
	"credit": "momirealms",
	"texture_size": [64, 64],
	"textures": {
		"0": "item/crops/chinese_cabbage/stage",
		"particle": "item/crops/chinese_cabbage/stage"
	},
	"elements": [
		{
			"from": [10.25, -0.75, 4.75],
			"to": [10.25, 5.25, 10.75],
			"rotation": {"angle": 0, "axis": "y", "origin": [8, 1.5, 8.5]},
			"faces": {
				"north": {"uv": [1, 6, 3, 8], "texture": "#0"},
				"east": {"uv": [1, 6, 3, 8], "texture": "#0"},
				"south": {"uv": [1, 6, 3, 8], "texture": "#0"},
				"west": {"uv": [1, 6, 3, 8], "texture": "#0"},
				"up": {"uv": [1, 6, 3, 8], "rotation": 270, "texture": "#0"},
				"down": {"uv": [1, 6, 3, 8], "rotation": 90, "texture": "#0"}
			}
		},
		{
			"from": [5, -0.75, 5.5],
			"to": [11, 5.25, 5.5],
			"rotation": {"angle": 0, "axis": "y", "origin": [8, 1.5, 8.5]},
			"faces": {
				"north": {"uv": [1, 6, 3, 8], "texture": "#0"},
				"east": {"uv": [1, 6, 3, 8], "texture": "#0"},
				"south": {"uv": [1, 6, 3, 8], "texture": "#0"},
				"west": {"uv": [1, 6, 3, 8], "texture": "#0"},
				"up": {"uv": [1, 6, 3, 8], "rotation": 180, "texture": "#0"},
				"down": {"uv": [1, 6, 3, 8], "rotation": 180, "texture": "#0"}
			}
		},
		{
			"from": [5, -0.75, 10],
			"to": [11, 5.25, 10],
			"rotation": {"angle": 0, "axis": "y", "origin": [8, 1.5, 8.5]},
			"faces": {
				"north": {"uv": [1, 6, 3, 8], "texture": "#0"},
				"east": {"uv": [1, 6, 3, 8], "texture": "#0"},
				"south": {"uv": [1, 6, 3, 8], "texture": "#0"},
				"west": {"uv": [1, 6, 3, 8], "texture": "#0"},
				"up": {"uv": [1, 6, 3, 8], "rotation": 180, "texture": "#0"},
				"down": {"uv": [1, 6, 3, 8], "rotation": 180, "texture": "#0"}
			}
		},
		{
			"from": [5.75, -0.75, 4.75],
			"to": [5.75, 5.25, 10.75],
			"rotation": {"angle": 0, "axis": "y", "origin": [8, 1.5, 8.5]},
			"faces": {
				"north": {"uv": [1, 6, 3, 8], "texture": "#0"},
				"east": {"uv": [1, 6, 3, 8], "texture": "#0"},
				"south": {"uv": [1, 6, 3, 8], "texture": "#0"},
				"west": {"uv": [1, 6, 3, 8], "texture": "#0"},
				"up": {"uv": [1, 6, 3, 8], "rotation": 270, "texture": "#0"},
				"down": {"uv": [1, 6, 3, 8], "rotation": 90, "texture": "#0"}
			}
		}
	],
	"gui_light": "front",
	"display": {
		"fixed": {
			"rotation": [-90, 0, 0],
			"translation": [0, 0, -16],
			"scale": [2, 2, 2]
		}
	}
}